﻿<?xml version="1.0" encoding="utf-8"?>
<Earth Name ="World">
  <Countries>
    <Country Name="United States">
      <state Name ="Florida">
        <City Name="Miami">
          <Place Name ="ft. lauderdale"/>
          <Place Name ="Palm Beach"/>
          <Place Name ="South Beach">
            <FamousPlace Name ="Mango's"/>
          </Place>
        </City>
        <City Name="Tampa" />
        <City Name="Orlando">
          <Place Name ="Oak Ridge"/>
          <Place Name ="Disney World"/>
        </City>
      </state>
      <state Name ="Illinois">
        <City Name="Chicago">
          <Place Name ="ft. lauderdale"/>
          <Place Name ="Palm Beach"/>
        </City>
        <City Name="Naperville"/>
        <City Name="Aurora"/>
      </state>
    </Country>
    <Country Name="United Kingdom">
      <state Name ="London">
        <City Name="Big Ben"/>
        <City Name="Heathrow"/>
        <City Name="Westminster"/>
      </state>
      <state Name ="Manchester">
        <City Name="Old Trafford"/>
      </state>
    </Country>
    <Country Name="India">
      <state Name ="Karnataka">
        <City Name="Bangalore">
          <Place Name ="CME Group"/>
          <Place Name ="MG Road"/>
          <Place Name ="BIAL"/>
        </City>
        <City Name="Mysore">
          <Place Name ="Mysore Zoo"/>
        </City>
      </state>
      <state Name ="Maharashtra">
        <City Name="Mumbai">
          <Place Name ="Juhu"/>
          <Place Name ="Malabar Hills"/>
        </City>
        <City Name="Pune"/>
      </state>
    </Country>
  </Countries>
</Earth>